months_as_customer,age,policy_number,policy_bind_date,policy_state,policy_csl,policy_deductable,policy_annual_premium,umbrella_limit,insured_zip,insured_sex,insured_education_level,insured_occupation,insured_hobbies,insured_relationship,capital-gains,capital-loss,incident_date,incident_type,collision_type,incident_severity,authorities_contacted,incident_state,incident_city,incident_location,incident_hour_of_the_day,number_of_vehicles_involved,property_damage,bodily_injuries,witnesses,police_report_available,total_claim_amount,injury_claim,property_claim,vehicle_claim,auto_make,auto_model,auto_year,fraud_reported,claim_month,claim_dayofweek,log_total_claim_amount,injury_claim_ratio,property_claim_ratio,vehicle_claim_ratio,incident_type_Multi-vehicle Collision,incident_type_Parked Car,incident_type_Single Vehicle Collision,incident_type_Vehicle Theft,collision_type_?,collision_type_Front Collision,collision_type_Rear Collision,collision_type_Side Collision,incident_severity_Major Damage,incident_severity_Minor Damage,incident_severity_Total Loss,incident_severity_Trivial Damage,policy_state_IL,policy_state_IN,policy_state_OH,incident_state_NC,incident_state_NY,incident_state_OH,incident_state_PA,incident_state_SC,incident_state_VA,incident_state_WV,auto_make_Accura,auto_make_Audi,auto_make_BMW,auto_make_Chevrolet,auto_make_Dodge,auto_make_Ford,auto_make_Nissan,auto_make_OTHER,auto_make_Saab,auto_make_Suburu,auto_make_Toyota,insured_education_level_Associate,insured_education_level_College,insured_education_level_High School,insured_education_level_JD,insured_education_level_MD,insured_education_level_Masters,insured_education_level_PhD,insured_occupation_OTHER,insured_occupation_armed-forces,insured_occupation_craft-repair,insured_occupation_exec-managerial,insured_occupation_machine-op-inspct,insured_occupation_other-service,insured_occupation_priv-house-serv,insured_occupation_prof-specialty,insured_occupation_sales,insured_occupation_tech-support,insured_occupation_transport-moving,insured_relationship_husband,insured_relationship_not-in-family,insured_relationship_other-relative,insured_relationship_own-child,insured_relationship_unmarried,insured_relationship_wife,incident_type_Multi-vehicle Collision,incident_type_Parked Car,incident_type_Single Vehicle Collision,incident_type_Vehicle Theft,collision_type_?,collision_type_Front Collision,collision_type_Rear Collision,collision_type_Side Collision,incident_severity_Major Damage,incident_severity_Minor Damage,incident_severity_Total Loss,incident_severity_Trivial Damage,policy_state_IL,policy_state_IN,policy_state_OH,incident_state_NC,incident_state_NY,incident_state_OH,incident_state_PA,incident_state_SC,incident_state_VA,incident_state_WV,auto_make_Audi,auto_make_BMW,auto_make_Chevrolet,auto_make_Dodge,auto_make_Ford,auto_make_Nissan,auto_make_OTHER,auto_make_Saab,auto_make_Suburu,auto_make_Toyota,insured_education_level_Associate,insured_education_level_College,insured_education_level_High School,insured_education_level_JD,insured_education_level_MD,insured_education_level_Masters,insured_education_level_PhD,insured_occupation_OTHER,insured_occupation_armed-forces,insured_occupation_craft-repair,insured_occupation_exec-managerial,insured_occupation_machine-op-inspct,insured_occupation_other-service,insured_occupation_prof-specialty,insured_occupation_sales,insured_occupation_tech-support,insured_occupation_transport-moving,insured_relationship_husband,insured_relationship_not-in-family,insured_relationship_other-relative,insured_relationship_own-child,insured_relationship_unmarried,insured_relationship_wife,risk_score,confidence,priority_rank
456,60,556080,1996-11-11,OH,250/500,1000,766.19,0,612260,FEMALE,Associate,sales,kayaking,husband,0,0,2015-02-26,Parked Car,?,Minor Damage,Police,WV,Columbus,1416 Cherokee Ridge,6,1,?,0,3,?,5060,460,920,3680,OTHER,E400,2007,0,2,3,8.529319371214077,0.09090909090909091,0.18181818181818182,0.7272727272727273,False,True,False,False,True,False,False,False,False,True,False,False,False,False,True,False,False,False,False,False,False,True,False,False,False,False,False,False,False,True,False,False,False,True,False,False,False,False,False,False,False,False,False,False,False,False,False,False,True,False,False,True,False,False,False,False,False,False,True,False,False,True,False,False,False,False,True,False,False,False,False,True,False,False,False,False,False,False,True,False,False,False,False,False,False,True,False,False,False,True,False,False,False,False,False,False,False,False,False,False,False,False,False,True,False,False,True,False,False,False,False,False,0.48798707797565777,0.1313652695548989,1
9,24,326180,2002-05-25,IL,100/300,2000,1304.46,0,473349,FEMALE,PhD,machine-op-inspct,golf,other-relative,51700,-33300,2015-01-31,Vehicle Theft,?,Trivial Damage,nan,NC,Arlington,6939 3rd Hwy,6,1,NO,0,3,YES,5940,540,1080,4320,Audi,A5,2001,0,1,5,8.689632748355741,0.09090909090909091,0.18181818181818182,0.7272727272727273,False,False,False,True,True,False,False,False,False,False,False,True,True,False,False,True,False,False,False,False,False,False,False,True,False,False,False,False,False,False,False,False,False,False,False,False,False,False,False,True,False,False,False,False,True,False,False,False,False,False,False,False,False,True,False,False,False,False,False,False,True,True,False,False,False,False,False,False,True,True,False,False,True,False,False,False,False,False,False,True,False,False,False,False,False,False,False,False,False,False,False,False,False,False,False,True,False,False,False,False,True,False,False,False,False,False,False,False,True,False,False,False,0.4688782170015712,0.0031369734908724967,2
186,33,779075,2010-02-27,IN,100/300,1000,1348.32,0,469429,FEMALE,Associate,craft-repair,cross-fit,wife,37600,-37600,2015-01-14,Vehicle Theft,?,Trivial Damage,Police,NY,Arlington,8477 Francis Hwy,3,1,NO,2,1,?,4730,860,860,3010,Chevrolet,Malibu,2013,0,1,2,8.461891875631148,0.18181818181818182,0.18181818181818182,0.6363636363636364,False,False,False,True,True,False,False,False,False,False,False,True,False,True,False,False,True,False,False,False,False,False,False,False,False,True,False,False,False,False,False,False,False,True,False,False,False,False,False,False,False,False,True,False,False,False,False,False,False,False,False,False,False,False,False,False,True,False,False,False,True,True,False,False,False,False,False,False,True,False,True,False,False,True,False,False,False,False,False,False,False,True,False,False,False,False,False,False,False,True,False,False,False,False,False,False,False,False,True,False,False,False,False,False,False,False,False,False,False,False,False,True,0.4688405797101449,0.0,3
389,53,714738,1998-03-21,IL,500/1000,2000,791.47,0,477260,MALE,Masters,armed-forces,chess,unmarried,0,0,2015-01-01,Vehicle Theft,?,Minor Damage,Police,NC,Riverwood,1617 Rock Drive,6,1,NO,1,2,NO,6300,630,1260,4410,OTHER,C300,2001,0,1,3,8.748463629942055,0.1,0.2,0.7,False,False,False,True,True,False,False,False,False,True,False,False,True,False,False,True,False,False,False,False,False,False,False,False,False,False,False,False,False,True,False,False,False,False,False,False,False,False,True,False,False,True,False,False,False,False,False,False,False,False,False,False,False,False,False,True,False,False,False,False,True,True,False,False,False,False,True,False,False,True,False,False,True,False,False,False,False,False,False,False,False,False,False,False,False,True,False,False,False,False,False,False,False,False,True,False,False,True,False,False,False,False,False,False,False,False,False,False,False,False,True,False,0.46775168751274215,0.17311219200066963,4
32,38,719989,1994-04-07,IL,250/500,2000,566.11,5000000,453164,MALE,Associate,armed-forces,polo,unmarried,0,0,2015-01-21,Parked Car,?,Trivial Damage,Police,NC,Springfield,9397 5th Hwy,22,1,YES,0,0,NO,2640,440,440,1760,OTHER,CRV,2015,0,1,2,7.878912912297133,0.16666666666666666,0.16666666666666666,0.6666666666666666,False,True,False,False,True,False,False,False,False,False,False,True,True,False,False,True,False,False,False,False,False,False,False,False,False,False,False,False,False,True,False,False,False,True,False,False,False,False,False,False,False,True,False,False,False,False,False,False,False,False,False,False,False,False,False,True,False,False,True,False,False,True,False,False,False,False,False,False,True,True,False,False,True,False,False,False,False,False,False,False,False,False,False,False,False,True,False,False,False,True,False,False,False,False,False,False,False,True,False,False,False,False,False,False,False,False,False,False,False,False,True,False,0.46563416269705327,0.1842590265347287,5
202,34,608513,2002-07-18,IN,100/300,500,848.07,3000000,607730,MALE,JD,exec-managerial,chess,not-in-family,31000,-30200,2015-01-07,Vehicle Theft,?,Minor Damage,nan,VA,Northbrook,3790 Andromedia Hwy,5,1,YES,2,1,?,5720,1040,520,4160,Suburu,Forrestor,2003,0,1,2,8.651898894268529,0.18181818181818182,0.09090909090909091,0.7272727272727273,False,False,False,True,True,False,False,False,False,True,False,False,False,True,False,False,False,False,False,False,True,False,False,False,False,False,False,False,False,False,False,True,False,False,False,False,True,False,False,False,False,False,False,True,False,False,False,False,False,False,False,False,True,False,False,False,False,False,False,False,True,True,False,False,False,False,True,False,False,False,True,False,False,False,False,False,False,True,False,False,False,False,False,False,False,False,False,True,False,False,False,False,True,False,False,False,False,False,False,True,False,False,False,False,False,False,False,True,False,False,False,False,0.44993738440935016,0.019462817254584208,6
196,36,602410,1996-01-16,IN,250/500,2000,1463.07,0,615611,MALE,MD,armed-forces,skydiving,own-child,0,0,2015-01-24,Vehicle Theft,?,Trivial Damage,Police,WV,Springfield,4939 Best St,3,1,?,1,1,NO,5300,530,530,4240,OTHER,Grand Cherokee,2001,0,1,5,8.575650760987806,0.1,0.1,0.8,False,False,False,True,True,False,False,False,False,False,False,True,False,True,False,False,False,False,False,False,False,True,False,False,False,False,False,False,False,True,False,False,False,False,False,False,False,True,False,False,False,True,False,False,False,False,False,False,False,False,False,False,False,False,True,False,False,False,False,False,True,True,False,False,False,False,False,False,True,False,True,False,False,False,False,False,False,False,True,False,False,False,False,False,False,True,False,False,False,False,False,False,False,True,False,False,False,True,False,False,False,False,False,False,False,False,False,False,False,True,False,False,0.44599739417123113,0.22789628992544453,7
163,37,390256,2009-11-25,IN,500/1000,1000,1200.33,4000000,477631,FEMALE,High School,craft-repair,cross-fit,own-child,0,-36400,2015-02-06,Vehicle Theft,?,Minor Damage,Police,WV,Springfield,6702 Andromedia St,7,1,?,2,1,YES,3900,390,780,2730,OTHER,Jetta,2008,0,2,4,8.268988209506656,0.1,0.2,0.7,False,False,False,True,True,False,False,False,False,True,False,False,False,True,False,False,False,False,False,False,False,True,False,False,False,False,False,False,False,True,False,False,False,False,False,True,False,False,False,False,False,False,True,False,False,False,False,False,False,False,False,False,False,False,True,False,False,False,False,False,True,True,False,False,False,False,True,False,False,False,True,False,False,False,False,False,False,False,True,False,False,False,False,False,False,True,False,False,False,False,False,True,False,False,False,False,False,False,True,False,False,False,False,False,False,False,False,False,False,True,False,False,0.43865191004781084,0.24421958797748966,8
140,31,388671,1997-05-01,OH,250/500,2000,1554.86,6000000,608758,FEMALE,JD,armed-forces,base-jumping,wife,59000,0,2015-02-16,Parked Car,?,Minor Damage,nan,WV,Arlington,4585 Francis Ave,2,1,YES,1,2,?,6120,680,680,4760,OTHER,Civic,2002,0,2,0,8.71948076085107,0.1111111111111111,0.1111111111111111,0.7777777777777778,False,True,False,False,True,False,False,False,False,True,False,False,False,False,True,False,False,False,False,False,False,True,False,False,False,False,False,False,False,True,False,False,False,False,False,False,True,False,False,False,False,True,False,False,False,False,False,False,False,False,False,False,False,False,False,False,True,False,True,False,False,True,False,False,False,False,True,False,False,False,False,True,False,False,False,False,False,False,True,False,False,False,False,False,False,True,False,False,False,False,False,False,True,False,False,False,False,True,False,False,False,False,False,False,False,False,False,False,False,False,False,True,0.4374271975452284,0.2501617832328257,9
140,35,155912,2008-03-21,OH,100/300,1000,1520.78,0,470538,FEMALE,High School,craft-repair,chess,wife,0,-42900,2015-01-21,Parked Car,?,Trivial Damage,nan,SC,Columbus,3320 5th Hwy,5,1,?,0,2,YES,2860,520,260,2080,Chevrolet,Tahoe,1997,0,1,2,7.95892649305011,0.18181818181818182,0.09090909090909091,0.7272727272727273,False,True,False,False,True,False,False,False,False,False,False,True,False,False,True,False,False,False,False,True,False,False,False,False,False,True,False,False,False,False,False,False,False,False,False,True,False,False,False,False,False,False,True,False,False,False,False,False,False,False,False,False,False,False,False,False,True,False,True,False,False,True,False,False,False,False,False,False,True,False,False,True,False,False,False,False,True,False,False,False,False,True,False,False,False,False,False,False,False,False,False,True,False,False,False,False,False,False,True,False,False,False,False,False,False,False,False,False,False,False,False,True,0.4363775135210667,0.062478311338048265,10
478,63,852002,2009-06-29,IL,250/500,1000,1292.3,0,479724,MALE,High School,OTHER,paintball,own-child,47600,0,2015-02-21,Parked Car,?,Minor Damage,nan,VA,Northbend,8204 Pine Lane,5,1,YES,1,3,NO,4700,940,470,3290,Dodge,Neon,2007,0,2,5,8.45553053102413,0.2,0.1,0.7,False,True,False,False,True,False,False,False,False,True,False,False,True,False,False,False,False,False,False,False,True,False,False,False,False,False,True,False,False,False,False,False,False,False,False,True,False,False,False,False,True,False,False,False,False,False,False,False,False,False,False,False,False,False,True,False,False,False,True,False,False,True,False,False,False,False,True,False,False,True,False,False,False,False,False,False,False,True,False,False,False,False,True,False,False,False,False,False,False,False,False,True,False,False,False,False,True,False,False,False,False,False,False,False,False,False,False,False,False,True,False,False,0.43294561643736856,0.05722230163676556,11
245,42,218456,2002-07-16,IL,500/1000,1000,1575.74,7000000,614265,MALE,JD,exec-managerial,chess,other-relative,0,-68900,2015-02-20,Parked Car,?,Minor Damage,Police,PA,Springfield,9685 Sky Ridge,19,1,?,2,2,?,6490,590,1180,4720,Toyota,Camry,2011,0,2,4,8.778171881033469,0.09090909090909091,0.18181818181818182,0.7272727272727273,False,True,False,False,True,False,False,False,False,True,False,False,True,False,False,False,False,False,True,False,False,False,False,False,False,False,False,False,False,False,False,False,True,False,False,False,True,False,False,False,False,False,False,True,False,False,False,False,False,False,False,False,False,True,False,False,False,False,True,False,False,True,False,False,False,False,True,False,False,True,False,False,False,False,False,True,False,False,False,False,False,False,False,False,False,False,False,False,True,False,False,False,True,False,False,False,False,False,False,True,False,False,False,False,False,False,False,False,True,False,False,False,0.431433345201325,0.06058290438352909,12
162,31,386690,2006-02-21,IN,100/300,1000,1050.24,0,456789,FEMALE,Masters,OTHER,chess,wife,30700,0,2015-02-26,Parked Car,?,Minor Damage,nan,NC,Arlington,5480 3rd Ridge,7,1,?,0,0,NO,3600,360,720,2520,BMW,X5,2013,0,2,3,8.188966863648876,0.1,0.2,0.7,False,True,False,False,True,False,False,False,False,True,False,False,False,True,False,True,False,False,False,False,False,False,False,False,True,False,False,False,False,False,False,False,False,False,False,False,False,False,True,False,True,False,False,False,False,False,False,False,False,False,False,False,False,False,False,False,True,False,True,False,False,True,False,False,False,False,True,False,False,False,True,False,True,False,False,False,False,False,False,False,True,False,False,False,False,False,False,False,False,False,False,False,False,False,True,False,True,False,False,False,False,False,False,False,False,False,False,False,False,False,False,True,0.41393362116885246,0.08658873234618936,13
3,29,276804,1992-11-27,IL,100/300,500,995.7,5000000,615446,FEMALE,JD,OTHER,chess,unmarried,0,0,2015-02-02,Parked Car,?,Trivial Damage,Police,PA,Springfield,1821 Andromedia Ridge,3,1,?,2,1,?,5000,500,1000,3500,OTHER,E400,2008,0,2,0,8.517393171418904,0.1,0.2,0.7,False,True,False,False,True,False,False,False,False,False,False,True,True,False,False,False,False,False,True,False,False,False,False,False,False,False,False,False,False,True,False,False,False,False,False,False,True,False,False,False,False,False,False,False,False,False,True,False,False,False,False,False,False,False,False,True,False,False,True,False,False,True,False,False,False,False,False,False,True,True,False,False,False,False,False,True,False,False,False,False,False,False,False,False,False,True,False,False,False,False,False,False,True,False,False,False,True,False,False,False,False,False,False,False,False,False,False,False,False,False,True,False,0.4041477364309126,0.3208955293483745,14
228,42,342868,2006-06-27,IN,250/500,2000,1197.22,5000000,468176,MALE,MD,machine-op-inspct,reading,other-relative,0,0,2015-01-21,Vehicle Theft,?,Minor Damage,Police,VA,Riverwood,6608 MLK Hwy,8,1,?,0,0,?,5070,780,780,3510,OTHER,E400,2007,0,1,2,8.531293315795018,0.15384615384615385,0.15384615384615385,0.6923076923076923,False,False,False,True,True,False,False,False,False,True,False,False,False,True,False,False,False,False,False,False,True,False,False,False,False,False,False,False,False,True,False,False,False,False,False,False,False,True,False,False,False,False,False,False,True,False,False,False,False,False,False,False,False,True,False,False,False,False,False,False,True,True,False,False,False,False,True,False,False,False,True,False,False,False,False,False,False,True,False,False,False,False,False,False,False,True,False,False,False,False,False,False,False,True,False,False,False,False,False,False,True,False,False,False,False,False,False,False,True,False,False,False,0.39687350050119363,0.3306192742485552,15
291,46,832746,2006-04-13,OH,500/1000,1000,994.74,0,452701,FEMALE,High School,OTHER,polo,own-child,0,-55300,2015-01-25,Parked Car,?,Minor Damage,Police,SC,Hillsdale,1919 4th Lane,8,1,NO,2,2,YES,5580,620,620,4340,OTHER,Passat,2005,0,1,6,8.627123250788433,0.1111111111111111,0.1111111111111111,0.7777777777777778,False,True,False,False,True,False,False,False,False,True,False,False,False,False,True,False,False,False,False,True,False,False,False,False,False,False,False,False,False,True,False,False,False,False,False,True,False,False,False,False,True,False,False,False,False,False,False,False,False,False,False,False,False,False,True,False,False,False,True,False,False,True,False,False,False,False,True,False,False,False,False,True,False,False,False,False,True,False,False,False,False,False,False,False,False,True,False,False,False,False,False,True,False,False,False,False,True,False,False,False,False,False,False,False,False,False,False,False,False,True,False,False,0.38406246478387684,0.3687500782580514,16
255,44,903203,2004-01-03,OH,500/1000,2000,814.96,6000000,435267,FEMALE,PhD,OTHER,chess,not-in-family,68500,0,2015-02-05,Parked Car,?,Trivial Damage,Police,NC,Hillsdale,2787 MLK St,7,1,?,2,2,NO,6400,640,1280,4480,OTHER,ML350,2005,0,2,3,8.764209507142004,0.1,0.2,0.7,False,True,False,False,True,False,False,False,False,False,False,True,False,False,True,True,False,False,False,False,False,False,False,False,False,False,False,False,False,True,False,False,False,False,False,False,False,False,False,True,False,False,False,False,False,False,True,False,False,False,False,False,True,False,False,False,False,False,True,False,False,True,False,False,False,False,False,False,True,False,False,True,True,False,False,False,False,False,False,False,False,False,False,False,False,True,False,False,False,False,False,False,False,False,False,True,True,False,False,False,False,False,False,False,False,False,False,True,False,False,False,False,0.375836458303054,0.38703009265988,17
123,29,379268,2012-08-05,IN,250/500,500,1209.63,0,447188,FEMALE,Masters,machine-op-inspct,chess,not-in-family,64800,-44200,2015-01-14,Single Vehicle Collision,Rear Collision,Minor Damage,Ambulance,NC,Arlington,8368 Cherokee Ave,17,1,YES,1,0,YES,73260,16280,0,56980,OTHER,Jetta,2014,0,1,2,11.201783686253295,0.2222222222222222,0.0,0.7777777777777778,False,False,True,False,False,False,True,False,False,True,False,False,False,True,False,True,False,False,False,False,False,False,False,False,False,False,False,False,False,True,False,False,False,False,False,False,False,False,True,False,False,False,False,False,True,False,False,False,False,False,False,False,True,False,False,False,False,False,False,True,False,False,False,True,False,False,True,False,False,False,True,False,True,False,False,False,False,False,False,False,False,False,False,False,False,True,False,False,False,False,False,False,False,False,True,False,False,False,False,False,True,False,False,False,False,False,False,True,False,False,False,False,0.3445119830093476,0.45664003775700535,18
328,46,174701,1996-06-19,IL,500/1000,500,1314.6,0,458139,FEMALE,MD,prof-specialty,exercise,not-in-family,24800,0,2015-02-23,Single Vehicle Collision,Rear Collision,Total Loss,Other,WV,Hillsdale,8782 3rd St,0,1,?,2,3,?,70290,12780,6390,51120,Saab,92x,1998,0,2,0,11.160399046843542,0.18181818181818182,0.09090909090909091,0.7272727272727273,False,False,True,False,False,False,True,False,False,False,True,False,True,False,False,False,False,False,False,False,False,True,False,False,False,False,False,False,False,False,True,False,False,False,False,False,False,True,False,False,False,False,False,False,False,False,False,True,False,False,False,False,True,False,False,False,False,False,False,True,False,False,False,True,False,False,False,True,False,True,False,False,False,False,False,False,False,False,True,False,False,False,False,False,False,False,True,False,False,False,False,False,False,True,False,False,False,False,False,False,False,False,True,False,False,False,False,True,False,False,False,False,0.33761973321327055,0.2883812691879012,19
254,40,349658,1994-06-07,IN,100/300,500,1927.87,0,609317,MALE,MD,prof-specialty,yachting,husband,0,0,2015-01-21,Single Vehicle Collision,Front Collision,Minor Damage,Fire,VA,Arlington,6260 5th Lane,10,1,YES,0,1,?,43280,0,5410,37870,OTHER,Civic,1996,0,1,2,10.675469018613882,0.0,0.125,0.875,False,False,True,False,False,True,False,False,False,True,False,False,False,True,False,False,False,False,False,False,True,False,False,False,False,False,False,False,False,True,False,False,False,False,False,False,False,True,False,False,False,False,False,False,False,False,False,True,False,False,False,True,False,False,False,False,False,False,False,True,False,False,True,False,False,False,True,False,False,False,True,False,False,False,False,False,False,True,False,False,False,False,False,False,False,True,False,False,False,False,False,False,False,True,False,False,False,False,False,False,False,False,True,False,False,False,True,False,False,False,False,False,0.3368612595730385,0.47364164539324793,20
271,44,247801,2008-03-18,OH,250/500,500,1340.71,0,600153,FEMALE,High School,tech-support,base-jumping,other-relative,0,0,2015-02-14,Single Vehicle Collision,Rear Collision,Minor Damage,Other,SC,Riverwood,9657 5th Ave,16,1,NO,2,2,NO,76230,6930,13860,55440,OTHER,Passat,1997,0,2,5,11.241523483091212,0.09090909090909091,0.18181818181818182,0.7272727272727273,False,False,True,False,False,False,True,False,False,True,False,False,False,False,True,False,False,False,False,True,False,False,False,False,False,False,False,False,False,True,False,False,False,False,False,True,False,False,False,False,False,False,False,False,False,False,False,False,False,True,False,False,False,True,False,False,False,False,False,True,False,False,False,True,False,False,True,False,False,False,False,True,False,False,False,False,True,False,False,False,False,False,False,False,False,True,False,False,False,False,False,True,False,False,False,False,False,False,False,False,False,False,False,False,True,False,False,False,True,False,False,False,0.33335309270908714,0.47177573600879186,21
437,60,901083,1998-01-19,OH,500/1000,1000,1269.64,0,602942,FEMALE,College,armed-forces,cross-fit,unmarried,48800,0,2015-02-14,Single Vehicle Collision,Front Collision,Minor Damage,Other,SC,Riverwood,8954 Apache Lane,10,1,NO,1,3,NO,84480,7680,15360,61440,Chevrolet,Silverado,2012,0,2,5,11.344281935991242,0.09090909090909091,0.18181818181818182,0.7272727272727273,False,False,True,False,False,True,False,False,False,True,False,False,False,False,True,False,False,False,False,True,False,False,False,False,False,True,False,False,False,False,False,False,False,False,True,False,False,False,False,False,False,True,False,False,False,False,False,False,False,False,False,False,False,False,False,True,False,False,False,True,False,False,True,False,False,False,True,False,False,False,False,True,False,False,False,False,True,False,False,False,False,True,False,False,False,False,False,False,False,False,True,False,False,False,False,False,False,True,False,False,False,False,False,False,False,False,False,False,False,False,True,False,0.3294895160767838,0.29678658263130175,22
184,38,215534,1994-09-12,IL,250/500,1000,1437.53,0,437889,FEMALE,College,transport-moving,chess,not-in-family,0,0,2015-02-02,Multi-vehicle Collision,Side Collision,Minor Damage,Ambulance,PA,Northbrook,5201 Texas Hwy,6,3,?,0,2,NO,53730,11940,5970,35820,Dodge,RAM,2013,0,2,0,10.891745395126074,0.2222222222222222,0.1111111111111111,0.6666666666666666,True,False,False,False,False,False,False,True,False,True,False,False,True,False,False,False,False,False,True,False,False,False,False,False,False,False,True,False,False,False,False,False,False,False,True,False,False,False,False,False,False,False,False,False,False,False,False,False,False,False,True,False,True,False,False,False,False,True,False,False,False,False,False,False,True,False,True,False,False,True,False,False,False,False,False,True,False,False,False,False,False,False,True,False,False,False,False,False,False,False,True,False,False,False,False,False,False,False,False,False,False,False,False,False,False,True,False,True,False,False,False,False,0.32593962066135457,0.29179279144497694,23
125,35,442795,1996-07-07,OH,500/1000,500,1054.83,7000000,446788,MALE,JD,tech-support,cross-fit,husband,0,-51300,2015-02-25,Single Vehicle Collision,Front Collision,Total Loss,Fire,NY,Northbend,8579 Apache Drive,17,1,YES,2,3,NO,88660,8060,16120,64480,OTHER,C300,2007,0,2,2,11.392575387278974,0.09090909090909091,0.18181818181818182,0.7272727272727273,False,False,True,False,False,True,False,False,False,False,True,False,False,False,True,False,True,False,False,False,False,False,False,False,False,False,False,False,False,True,False,False,False,False,False,False,True,False,False,False,False,False,False,False,False,False,False,False,False,True,False,True,False,False,False,False,False,False,False,True,False,False,True,False,False,False,False,True,False,False,False,True,False,True,False,False,False,False,False,False,False,False,False,False,False,True,False,False,False,False,False,False,True,False,False,False,False,False,False,False,False,False,False,False,True,False,True,False,False,False,False,False,0.3187215006855921,0.5107316087824202,24
438,57,714346,1991-10-05,OH,500/1000,500,1119.29,0,616164,FEMALE,MD,machine-op-inspct,chess,husband,0,0,2015-01-15,Single Vehicle Collision,Side Collision,Minor Damage,Police,SC,Hillsdale,6494 4th Ave,14,1,?,0,0,NO,40700,4070,4070,32560,OTHER,Passat,2000,0,1,3,10.614007941153417,0.1,0.1,0.8,False,False,True,False,False,False,False,True,False,True,False,False,False,False,True,False,False,False,False,True,False,False,False,False,False,False,False,False,False,True,False,False,False,False,False,False,False,True,False,False,False,False,False,False,True,False,False,False,False,False,False,True,False,False,False,False,False,False,False,True,False,False,False,False,True,False,True,False,False,False,False,True,False,False,False,False,True,False,False,False,False,False,False,False,False,True,False,False,False,False,False,False,False,True,False,False,False,False,False,False,True,False,False,False,False,False,True,False,False,False,False,False,0.31084056033597146,0.5314654214756189,25
216,38,421940,2014-06-03,IN,100/300,1000,1384.64,5000000,600754,FEMALE,Associate,tech-support,board-games,unmarried,0,0,2015-01-09,Single Vehicle Collision,Rear Collision,Total Loss,Police,VA,Columbus,5780 4th Ave,16,1,?,2,3,NO,66600,16650,11100,38850,OTHER,Grand Cherokee,2012,0,1,4,11.106474871430772,0.25,0.16666666666666666,0.5833333333333334,False,False,True,False,False,False,True,False,False,False,True,False,False,True,False,False,False,False,False,False,True,False,False,False,False,False,False,False,False,True,False,False,False,True,False,False,False,False,False,False,False,False,False,False,False,False,False,False,False,True,False,False,False,False,False,True,False,False,False,True,False,False,False,True,False,False,False,True,False,False,True,False,False,False,False,False,False,True,False,False,False,False,False,False,False,True,False,False,False,True,False,False,False,False,False,False,False,False,False,False,False,False,False,False,True,False,False,False,False,False,True,False,0.3058632520126211,0.5360848828060917,26
330,47,912665,2014-05-28,IL,100/300,2000,1133.27,0,432218,FEMALE,High School,craft-repair,chess,wife,0,-56400,2015-03-01,Multi-vehicle Collision,Side Collision,Total Loss,Other,NY,Northbrook,6678 Weaver Drive,20,2,?,0,2,YES,60500,11000,5500,44000,Ford,F150,1999,0,3,6,11.010415172807951,0.18181818181818182,0.09090909090909091,0.7272727272727273,True,False,False,False,False,False,False,True,False,False,True,False,True,False,False,False,True,False,False,False,False,False,False,False,False,False,False,True,False,False,False,False,False,False,False,True,False,False,False,False,False,False,True,False,False,False,False,False,False,False,False,False,False,False,False,False,True,True,False,False,False,False,False,False,True,False,False,True,False,True,False,False,False,True,False,False,False,False,False,False,False,False,False,True,False,False,False,False,False,False,False,True,False,False,False,False,False,False,True,False,False,False,False,False,False,False,False,False,False,False,False,True,0.30475775946303263,0.3549666536892351,27
290,45,583169,1998-02-01,IL,100/300,500,1085.03,0,476303,FEMALE,JD,sales,cross-fit,wife,0,-61000,2015-03-01,Multi-vehicle Collision,Side Collision,Total Loss,Police,VA,Arlington,4347 2nd Ridge,23,3,YES,2,2,NO,64800,12960,6480,45360,Audi,A3,2014,0,3,6,11.079076314320059,0.2,0.1,0.7,True,False,False,False,False,False,False,True,False,False,True,False,True,False,False,False,False,False,False,False,True,False,False,True,False,False,False,False,False,False,False,False,False,False,False,False,True,False,False,False,False,False,False,False,False,False,False,False,True,False,False,False,False,False,False,False,True,True,False,False,False,False,False,False,True,False,False,True,False,True,False,False,False,False,False,False,False,True,False,True,False,False,False,False,False,False,False,False,False,False,False,False,True,False,False,False,False,False,False,False,False,False,False,True,False,False,False,False,False,False,False,True,0.3038900204024963,0.3697774103777055,28
84,32,979336,2001-03-04,IL,500/1000,500,1694.09,7000000,603732,FEMALE,Associate,prof-specialty,cross-fit,husband,0,0,2015-01-30,Single Vehicle Collision,Rear Collision,Total Loss,Other,NY,Northbend,1546 Cherokee Ave,0,1,YES,0,2,?,57240,4770,9540,42930,BMW,X6,1995,0,1,4,10.955025703818272,0.08333333333333333,0.16666666666666666,0.75,False,False,True,False,False,False,True,False,False,False,True,False,True,False,False,False,True,False,False,False,False,False,False,False,True,False,False,False,False,False,False,False,False,True,False,False,False,False,False,False,False,False,False,False,False,False,False,True,False,False,False,True,False,False,False,False,False,False,False,True,False,False,False,True,False,False,False,True,False,True,False,False,False,True,False,False,False,False,False,False,True,False,False,False,False,False,False,False,False,True,False,False,False,False,False,False,False,False,False,False,False,False,True,False,False,False,True,False,False,False,False,False,0.30251528515833787,0.3309644226755133,29
210,35,998192,2014-04-25,IL,100/300,500,1433.24,0,476203,FEMALE,College,exec-managerial,yachting,not-in-family,0,-19500,2015-02-22,Multi-vehicle Collision,Side Collision,Total Loss,Fire,WV,Riverwood,9603 Texas Lane,11,3,NO,2,1,?,24570,2730,2730,19110,Saab,95,2006,0,2,6,10.1093221647277,0.1111111111111111,0.1111111111111111,0.7777777777777778,True,False,False,False,False,False,False,True,False,False,True,False,True,False,False,False,False,False,False,False,False,True,False,False,False,False,False,False,False,False,True,False,False,False,True,False,False,False,False,False,False,False,False,True,False,False,False,False,False,False,False,False,True,False,False,False,False,True,False,False,False,False,False,False,True,False,False,True,False,True,False,False,False,False,False,False,False,False,True,False,False,False,False,False,False,False,True,False,False,False,True,False,False,False,False,False,False,False,False,True,False,False,False,False,False,False,False,True,False,False,False,False,0.2909665672535372,0.3823931355718496,30
404,56,485813,2010-04-07,IN,250/500,1000,1361.16,4000000,437944,FEMALE,Masters,transport-moving,cross-fit,not-in-family,0,-63700,2015-01-15,Single Vehicle Collision,Front Collision,Minor Damage,Ambulance,VA,Hillsdale,2798 1st Ave,23,1,NO,2,0,YES,53100,5310,5310,42480,OTHER,MDX,2005,0,1,3,10.879951039444416,0.1,0.1,0.8,False,False,True,False,False,True,False,False,False,True,False,False,False,True,False,False,False,False,False,False,True,False,True,False,False,False,False,False,False,False,False,False,False,False,False,False,False,False,True,False,False,False,False,False,False,False,False,False,False,False,True,False,True,False,False,False,False,False,False,True,False,False,True,False,False,False,True,False,False,False,True,False,False,False,False,False,False,True,False,False,False,False,False,False,False,True,False,False,False,False,False,False,False,False,True,False,False,False,False,False,False,False,False,False,False,True,False,True,False,False,False,False,0.2823994383681021,0.5946679147375509,31
119,34,594783,2011-12-30,IL,250/500,500,1299.18,0,463271,FEMALE,College,tech-support,hiking,wife,57100,0,2015-01-08,Single Vehicle Collision,Front Collision,Major Damage,Fire,OH,Springfield,7393 Washington St,7,1,YES,2,1,YES,45540,8280,8280,28980,OTHER,Civic,1998,0,1,3,10.726368298094252,0.18181818181818182,0.18181818181818182,0.6363636363636364,False,False,True,False,False,True,False,False,True,False,False,False,True,False,False,False,False,True,False,False,False,False,False,False,False,False,False,False,False,True,False,False,False,False,True,False,False,False,False,False,False,False,False,False,False,False,False,False,False,True,False,False,False,False,False,False,True,False,False,True,False,False,True,False,False,True,False,False,False,True,False,False,False,False,True,False,False,False,False,False,False,False,False,False,False,True,False,False,False,False,True,False,False,False,False,False,False,False,False,False,False,False,False,False,True,False,False,False,False,False,False,True,0.28153630827916354,0.5933653696855947,32
16,35,110084,1990-11-27,IL,250/500,1000,1358.03,0,612660,MALE,JD,sales,chess,own-child,59300,-31400,2015-02-17,Single Vehicle Collision,Rear Collision,Total Loss,Other,SC,Hillsdale,8704 Britain Lane,0,1,NO,2,1,?,55000,10000,10000,35000,OTHER,Jetta,2008,0,2,1,10.915106645867503,0.18181818181818182,0.18181818181818182,0.6363636363636364,False,False,True,False,False,False,True,False,False,False,True,False,True,False,False,False,False,False,False,True,False,False,False,False,False,False,False,False,False,True,False,False,False,False,False,False,True,False,False,False,False,False,False,False,False,False,False,False,True,False,False,False,False,False,True,False,False,False,False,True,False,False,False,True,False,False,False,True,False,True,False,False,False,False,False,False,True,False,False,False,False,False,False,False,False,True,False,False,False,False,False,False,True,False,False,False,False,False,False,False,False,False,False,True,False,False,False,False,False,True,False,False,0.2791477045145475,0.6018939899676723,33
64,29,796375,2011-10-22,OH,250/500,2000,1202.28,0,479327,MALE,High School,exec-managerial,cross-fit,other-relative,0,-61400,2015-01-12,Single Vehicle Collision,Side Collision,Minor Damage,Ambulance,VA,Hillsdale,5007 Oak St,4,1,?,1,2,NO,43700,4370,4370,34960,Nissan,Pathfinder,2007,0,1,0,10.685126264117057,0.1,0.1,0.8,False,False,True,False,False,False,False,True,False,True,False,False,False,False,True,False,False,False,False,False,True,False,False,False,False,False,False,False,True,False,False,False,False,False,False,True,False,False,False,False,False,False,False,True,False,False,False,False,False,False,False,False,False,True,False,False,False,False,False,True,False,False,False,False,True,False,True,False,False,False,False,True,False,False,False,False,False,True,False,False,False,False,False,False,True,False,False,False,False,False,False,True,False,False,False,False,False,False,False,True,False,False,False,False,False,False,False,False,True,False,False,False,0.277354774157834,0.4094209527571483,34
96,29,465065,2006-12-24,IN,250/500,1000,1274.7,5000000,618493,MALE,College,prof-specialty,hiking,other-relative,47500,-58700,2015-01-11,Multi-vehicle Collision,Rear Collision,Major Damage,Ambulance,NC,Springfield,4910 1st Lane,15,3,YES,2,3,YES,55400,5540,11080,38780,Chevrolet,Silverado,2004,0,1,6,10.922352923113982,0.1,0.2,0.7,True,False,False,False,False,False,True,False,True,False,False,False,False,True,False,True,False,False,False,False,False,False,False,False,False,True,False,False,False,False,False,False,False,False,True,False,False,False,False,False,False,False,False,False,False,False,False,True,False,False,False,False,False,True,False,False,False,True,False,False,False,False,False,True,False,True,False,False,False,False,True,False,True,False,False,False,False,False,False,False,False,True,False,False,False,False,False,False,False,False,True,False,False,False,False,False,False,False,False,False,False,False,True,False,False,False,False,False,True,False,False,False,0.2764244390903159,0.4211501997670919,35
453,60,149367,2003-03-18,IN,100/300,500,1298.91,6000000,459504,MALE,PhD,craft-repair,dancing,unmarried,52600,-38800,2015-01-06,Single Vehicle Collision,Front Collision,Major Damage,Fire,NC,Springfield,7253 MLK St,0,1,YES,0,0,?,70000,14000,7000,49000,Ford,F150,2015,0,1,1,11.156264806643742,0.2,0.1,0.7,False,False,True,False,False,True,False,False,True,False,False,False,False,True,False,True,False,False,False,False,False,False,False,False,False,False,False,True,False,False,False,False,False,False,False,False,False,False,False,True,False,False,True,False,False,False,False,False,False,False,False,False,False,False,False,True,False,False,False,True,False,False,True,False,False,True,False,False,False,False,True,False,True,False,False,False,False,False,False,False,False,False,False,True,False,False,False,False,False,False,False,False,False,False,False,True,False,False,True,False,False,False,False,False,False,False,False,False,False,False,True,False,0.2733489259743313,0.4279846733581687,36
113,29,999435,2008-01-01,OH,250/500,2000,1091.73,0,601213,MALE,PhD,exec-managerial,golf,not-in-family,36100,-42300,2015-01-05,Multi-vehicle Collision,Rear Collision,Minor Damage,Other,NY,Springfield,6456 Andromedia Drive,15,3,?,0,2,YES,49950,5550,5550,38850,Nissan,Ultima,2004,0,1,0,10.818797803896322,0.1111111111111111,0.1111111111111111,0.7777777777777778,True,False,False,False,False,False,True,False,False,True,False,False,False,False,True,False,True,False,False,False,False,False,False,False,False,False,False,False,True,False,False,False,False,False,False,False,False,False,False,True,False,False,False,True,False,False,False,False,False,False,False,False,True,False,False,False,False,True,False,False,False,False,False,True,False,False,True,False,False,False,False,True,False,True,False,False,False,False,False,False,False,False,False,False,True,False,False,False,False,False,False,False,False,False,False,True,False,False,False,True,False,False,False,False,False,False,False,True,False,False,False,False,0.2702626753520372,0.4219605604093215,37
66,26,445973,1998-11-13,IL,250/500,1000,988.29,0,476502,MALE,College,armed-forces,skydiving,own-child,0,0,2015-02-02,Single Vehicle Collision,Rear Collision,Major Damage,Police,NY,Northbend,8203 Lincoln Ave,8,1,?,2,2,YES,57860,0,10520,47340,Suburu,Impreza,2008,0,2,0,10.965798861477905,0.0,0.18181818181818182,0.8181818181818182,False,False,True,False,False,False,True,False,True,False,False,False,True,False,False,False,True,False,False,False,False,False,False,False,False,False,False,False,False,False,False,True,False,False,True,False,False,False,False,False,False,True,False,False,False,False,False,False,False,False,False,False,False,False,True,False,False,False,False,True,False,False,False,True,False,True,False,False,False,True,False,False,False,True,False,False,False,False,False,False,False,False,False,False,False,False,False,True,False,False,True,False,False,False,False,False,False,True,False,False,False,False,False,False,False,False,False,False,False,True,False,False,0.2667223100946435,0.4298280387590854,38
252,39,261905,2004-02-28,IL,500/1000,500,1312.22,9000000,609949,MALE,High School,transport-moving,cross-fit,other-relative,0,-33300,2015-02-21,Multi-vehicle Collision,Front Collision,Minor Damage,Other,NC,Riverwood,4835 Britain Ridge,15,3,?,0,3,NO,59400,11880,5940,41580,OTHER,Grand Cherokee,2010,0,2,5,10.992066340225865,0.2,0.1,0.7,True,False,False,False,False,True,False,False,False,True,False,False,True,False,False,True,False,False,False,False,False,False,False,False,False,False,False,False,False,True,False,False,False,False,False,True,False,False,False,False,False,False,False,False,False,False,False,False,False,False,True,False,False,True,False,False,False,True,False,False,False,False,True,False,False,False,True,False,False,True,False,False,True,False,False,False,False,False,False,False,False,False,False,False,False,True,False,False,False,False,False,True,False,False,False,False,False,False,False,False,False,False,False,False,False,True,False,False,True,False,False,False,0.266104577602596,0.6212168806898833,39
51,34,641934,2013-12-25,OH,500/1000,500,1430.8,0,461264,MALE,PhD,machine-op-inspct,camping,unmarried,0,0,2015-02-12,Single Vehicle Collision,Side Collision,Major Damage,Fire,NY,Springfield,5499 Flute Ridge,23,1,?,2,3,NO,64200,6420,19260,38520,OTHER,Civic,2007,0,2,3,11.06977406588073,0.1,0.3,0.6,False,False,True,False,False,False,False,True,True,False,False,False,False,False,True,False,True,False,False,False,False,False,False,False,False,False,False,False,False,True,False,False,False,False,False,False,False,False,False,True,False,False,False,False,True,False,False,False,False,False,False,False,False,False,False,True,False,False,False,True,False,False,False,False,True,True,False,False,False,False,False,True,False,True,False,False,False,False,False,False,False,False,False,False,False,True,False,False,False,False,False,False,False,False,False,True,False,False,False,False,True,False,False,False,False,False,False,False,False,False,True,False,0.2625034966120279,0.635660506723674,40
104,32,904191,1997-07-14,IN,250/500,500,1158.03,0,434247,MALE,High School,exec-managerial,kayaking,own-child,31900,-44600,2015-01-08,Multi-vehicle Collision,Rear Collision,Total Loss,Police,NY,Riverwood,7582 Pine Drive,23,3,YES,1,3,YES,63570,9780,9780,44010,OTHER,Jetta,2006,0,1,3,11.059912670497306,0.15384615384615385,0.15384615384615385,0.6923076923076923,True,False,False,False,False,False,True,False,False,False,True,False,False,True,False,False,True,False,False,False,False,False,False,False,False,False,False,False,False,True,False,False,False,False,False,True,False,False,False,False,False,False,False,True,False,False,False,False,False,False,False,False,False,False,True,False,False,True,False,False,False,False,False,True,False,False,False,True,False,False,True,False,False,True,False,False,False,False,False,False,False,False,False,False,False,True,False,False,False,False,False,True,False,False,False,False,False,False,False,True,False,False,False,False,False,False,False,False,False,True,False,False,0.2607932268273558,0.6330198824126394,41
97,26,951863,1997-10-28,OH,250/500,1000,1270.55,0,478532,MALE,Masters,OTHER,chess,unmarried,0,-72100,2015-01-20,Multi-vehicle Collision,Side Collision,Total Loss,Other,NC,Riverwood,7397 4th Drive,10,3,YES,2,3,NO,84920,7720,15440,61760,OTHER,Wrangler,2006,0,1,1,11.349476691536836,0.09090909090909091,0.18181818181818182,0.7272727272727273,True,False,False,False,False,False,False,True,False,False,True,False,False,False,True,True,False,False,False,False,False,False,False,False,False,False,False,False,False,True,False,False,False,False,False,False,False,False,True,False,True,False,False,False,False,False,False,False,False,False,False,False,False,False,False,True,False,True,False,False,False,False,False,False,True,False,False,True,False,False,False,True,True,False,False,False,False,False,False,False,False,False,False,False,False,True,False,False,False,False,False,False,False,False,True,False,True,False,False,False,False,False,False,False,False,False,False,False,False,False,True,False,0.26052822624566485,0.6336087725941748,42
272,43,509928,1995-07-25,OH,100/300,1000,1279.13,0,615226,MALE,PhD,craft-repair,bungie-jumping,other-relative,0,0,2015-02-06,Multi-vehicle Collision,Side Collision,Minor Damage,Ambulance,NC,Springfield,3172 Tree Ridge,5,3,?,1,2,YES,81070,7370,14740,58960,Audi,A3,2006,0,2,4,11.303080592924797,0.09090909090909091,0.18181818181818182,0.7272727272727273,True,False,False,False,False,False,False,True,False,True,False,False,False,False,True,True,False,False,False,False,False,False,False,True,False,False,False,False,False,False,False,False,False,False,False,False,False,False,False,True,False,False,True,False,False,False,False,False,False,False,False,False,False,True,False,False,False,True,False,False,False,False,False,False,True,False,True,False,False,False,False,True,True,False,False,False,False,False,False,True,False,False,False,False,False,False,False,False,False,False,False,False,False,False,False,True,False,False,True,False,False,False,False,False,False,False,False,False,True,False,False,False,0.2578510296752482,0.4688656667442149,43
128,32,547744,2001-07-08,OH,100/300,2000,768.91,0,443522,FEMALE,College,sales,chess,other-relative,0,-39300,2015-02-26,Single Vehicle Collision,Rear Collision,Total Loss,Fire,SC,Columbus,3743 Andromedia Ridge,0,1,?,1,0,NO,59800,5980,5980,47840,Ford,F150,1999,0,2,3,10.998777662206932,0.1,0.1,0.8,False,False,True,False,False,False,True,False,False,False,True,False,False,False,True,False,False,False,False,True,False,False,False,False,False,False,False,True,False,False,False,False,False,False,True,False,False,False,False,False,False,False,False,False,False,False,False,False,True,False,False,False,False,True,False,False,False,False,False,True,False,False,False,True,False,False,False,True,False,False,False,True,False,False,False,False,True,False,False,False,False,False,False,True,False,False,False,False,False,False,True,False,False,False,False,False,False,False,False,False,False,False,False,True,False,False,False,False,True,False,False,False,0.2556185079402002,0.4641649904066405,44
147,31,746630,1997-02-10,IN,250/500,500,1054.92,6000000,468232,FEMALE,PhD,prof-specialty,exercise,own-child,51900,0,2015-01-16,Single Vehicle Collision,Front Collision,Major Damage,Other,NY,Northbrook,5608 Solo St,4,1,?,0,0,?,68240,8530,0,59710,Toyota,Corolla,2013,0,1,4,11.130800836219972,0.125,0.0,0.875,False,False,True,False,False,True,False,False,True,False,False,False,False,True,False,False,True,False,False,False,False,False,False,False,False,False,False,False,False,False,False,False,True,False,False,False,False,False,False,True,False,False,False,False,False,False,False,True,False,False,False,False,False,False,True,False,False,False,False,True,False,False,True,False,False,True,False,False,False,False,True,False,False,True,False,False,False,False,False,False,False,False,False,False,False,False,False,False,True,False,False,False,False,False,False,True,False,False,False,False,False,False,True,False,False,False,False,False,False,True,False,False,0.25454865901159485,0.45043937288888747,45
270,41,639027,1994-06-21,IL,250/500,1000,817.28,0,460263,MALE,High School,sales,cross-fit,unmarried,62200,0,2015-01-03,Multi-vehicle Collision,Rear Collision,Total Loss,Ambulance,SC,Columbus,4095 MLK St,17,3,?,1,1,NO,60190,4630,9260,46300,OTHER,ML350,2014,0,1,5,11.005278118459296,0.07692307692307693,0.15384615384615385,0.7692307692307693,True,False,False,False,False,False,True,False,False,False,True,False,True,False,False,False,False,False,False,True,False,False,False,False,False,False,False,False,False,True,False,False,False,False,False,True,False,False,False,False,False,False,False,False,False,False,False,False,True,False,False,False,False,False,False,True,False,True,False,False,False,False,False,True,False,False,False,True,False,True,False,False,False,False,False,False,True,False,False,False,False,False,False,False,False,True,False,False,False,False,False,True,False,False,False,False,False,False,False,False,False,False,False,True,False,False,False,False,False,False,True,False,0.25297240243405056,0.6536201040918039,46
186,38,536052,2006-04-21,OH,250/500,2000,1218.56,0,477373,FEMALE,Masters,transport-moving,video-games,husband,39300,-60300,2015-03-01,Multi-vehicle Collision,Front Collision,Total Loss,Police,VA,Arlington,4642 Rock Ridge,23,3,YES,2,2,?,68760,11460,5730,51570,Saab,95,1998,0,3,6,11.138392002730184,0.16666666666666666,0.08333333333333333,0.75,True,False,False,False,False,True,False,False,False,False,True,False,False,False,True,False,False,False,False,False,True,False,False,False,False,False,False,False,False,False,True,False,False,False,False,False,False,False,True,False,False,False,False,False,False,False,False,False,False,False,True,True,False,False,False,False,False,True,False,False,False,False,True,False,False,False,False,True,False,False,False,True,False,False,False,False,False,True,False,False,False,False,False,False,False,False,True,False,False,False,False,False,False,False,True,False,False,False,False,False,False,False,False,False,False,True,True,False,False,False,False,False,0.2514027418908074,0.4799745832378193,47
4,34,424358,2003-05-24,OH,500/1000,500,1282.93,0,616126,FEMALE,College,exec-managerial,basketball,other-relative,0,0,2015-02-12,Multi-vehicle Collision,Side Collision,Major Damage,Police,WV,Northbrook,6583 MLK Ridge,0,4,?,0,0,?,66880,6080,12160,48640,Chevrolet,Silverado,1996,0,2,3,11.11067019979991,0.09090909090909091,0.18181818181818182,0.7272727272727273,True,False,False,False,False,False,False,True,True,False,False,False,False,False,True,False,False,False,False,False,False,True,False,False,False,True,False,False,False,False,False,False,False,False,True,False,False,False,False,False,False,False,False,True,False,False,False,False,False,False,False,False,False,True,False,False,False,True,False,False,False,False,False,False,True,True,False,False,False,False,False,True,False,False,False,False,False,False,True,False,False,True,False,False,False,False,False,False,False,False,True,False,False,False,False,False,False,False,False,True,False,False,False,False,False,False,False,False,True,False,False,False,0.24982059944942278,0.477049231497257,48
295,42,132902,2007-04-24,OH,250/500,2000,1641.73,5000000,450149,MALE,PhD,sales,chess,not-in-family,62400,0,2015-01-20,Multi-vehicle Collision,Rear Collision,Total Loss,Fire,VA,Riverwood,1269 Flute Drive,16,3,NO,0,0,NO,59130,6570,6570,45990,Ford,Escape,2006,0,1,1,10.98751060056093,0.1111111111111111,0.1111111111111111,0.7777777777777778,True,False,False,False,False,False,True,False,False,False,True,False,False,False,True,False,False,False,False,False,True,False,False,False,False,False,False,True,False,False,False,False,False,False,False,False,False,False,False,True,False,False,False,False,False,False,False,False,True,False,False,False,True,False,False,False,False,True,False,False,False,False,False,True,False,False,False,True,False,False,False,True,False,False,False,False,False,True,False,False,False,False,False,True,False,False,False,False,False,False,False,False,False,False,False,True,False,False,False,False,False,False,False,True,False,False,False,True,False,False,False,False,0.24744215511088719,0.47911405144440533,49
380,56,971338,2004-11-04,OH,100/300,1000,1570.86,0,454685,MALE,MD,OTHER,cross-fit,other-relative,66000,0,2015-01-05,Single Vehicle Collision,Side Collision,Total Loss,Police,VA,Northbend,3167 4th Ridge,10,1,?,0,1,YES,58160,7270,7270,43620,Saab,95,1996,0,1,0,10.970970306007317,0.125,0.125,0.75,False,False,True,False,False,False,False,True,False,False,True,False,False,False,True,False,False,False,False,False,True,False,False,False,False,False,False,False,False,False,True,False,False,False,False,False,False,True,False,False,True,False,False,False,False,False,False,False,False,False,False,False,False,True,False,False,False,False,False,True,False,False,False,False,True,False,False,True,False,False,False,True,False,False,False,False,False,True,False,False,False,False,False,False,False,False,True,False,False,False,False,False,False,True,False,False,True,False,False,False,False,False,False,False,False,False,False,False,True,False,False,False,0.24606986452124158,0.4886048099205904,50
